Account Name,Account Location,Linkedin Company URL,Website Domain,Account Owner
trailblazercgl,India,http://www.linkedin.com/company/salesforce-developer-group-mathura,trailblazercgl.com,Robert Gorham
EquiDeFi,North America,EquiDeFi® | LinkedIn,equidefi.com,Robert Gorham
HomeWAV,North America,http://www.linkedin.com/company/homewav,homewav.com,Robert Gorham
Exceleras,North America,http://www.linkedin.com/company/exceleras-llc,exceleras.com,Robert Gorham
QNE Software Philippines,Asia Pacific,https://www.linkedin.com/company/qnesoftwareph,qne.com.ph,Robert Gorham
Apptegy,North America,,apptegy.com,Robert Gorham
BugendaiTech,North America,https://www.linkedin.com/company/bugendaitech/about/,bugendaitech.com,Robert Gorham
Openlending,North America,https://www.linkedin.com/company/open-lending-inc./about/,openlending.com,Robert Gorham
Shelf,North America,,shelf.io,Robert Gorham
ACCELQ,North America,https://www.linkedin.com/company/accelq,accelq.com,Robert Gorham
Fullerton Fund Management,Asia Pacific,,fullertonfund.com,Robert Gorham
Heroku,North America,https://www.linkedin.com/company/heroku,heroku.com,Robert Gorham
EverBank,North America,https://www.linkedin.com/company/everbank,everbank.com,Robert Gorham
Amount,North America,,amount.com,Robert Gorham
EBlock,North America,https://www.linkedin.com/company/eblock-inc.,eblock.com,Robert Gorham
Kapitus,North America,,kapitus.com,Robert Gorham
Lendbuzz,North America,,lendbuzz.com,Robert Gorham
Pollard - PDS,North America,https://www.linkedin.com/company/408910,pollardbanknote.com,Robert Gorham
Perimeter 81,North America,http://www.linkedin.com/company/perimeter-81,perimeter81.com,Robert Gorham
OTS Solutions,North America,https://www.linkedin.com/company/ots-solutions,otssolutions.com,Robert Gorham
N'ware Technologies,North America,https://www.linkedin.com/company/145448,nwaretech.com,Robert Gorham
Leena AI,North America,https://www.linkedin.com/company/leena-ai/about/,leena.ai,Robert Gorham
Koddi,North America,https://www.linkedin.com/company/3163836,koddi.com,Robert Gorham
Naehas,North America,https://www.linkedin.com/company/naehas/,naehas.com,Robert Gorham
Skit.ai,North America,https://www.linkedin.com/company/skit-ai/,skit.ai,Robert Gorham
Docupace,North America,http://www.linkedin.com/company/docupace-technologies,docupace.com,Robert Gorham
KIBO,North America,https://www.linkedin.com/company/kibocommerce,kibocommerce.com,Robert Gorham
Sholom,North America,https://www.linkedin.com/company/sholom,sholom.com,Robert Gorham
Motili,North America,https://www.linkedin.com/company/motili,motili.com,Robert Gorham
FormAssembly,North America,https://www.linkedin.com/company/2316013,formassembly.com,Robert Gorham
Patriot Software LLC,North America,http://www.linkedin.com/company/patriot-software,patriotsoftware.com,Robert Gorham
Dynasty Financial Partners,North America,http://www.linkedin.com/company/dynasty-financial-partners,dynastyfinancialpartners.com,Robert Gorham
Digital Harbor Bolivia,South America,http://www.linkedin.com/company/digitalharborbolivia,digitalharborbolivia.com,Robert Gorham
Bowhead Specialty,North America,http://www.linkedin.com/company/bowhead-specialty-underwriters,bowheadspecialty.com,Robert Gorham
Geopagos,South America,http://www.linkedin.com/company/geopagos,geopagos.com,Robert Gorham
River City Bank,North America,http://www.linkedin.com/company/river-city-bank,rivercitybank.com,Robert Gorham
Skedulo,North America,http://www.linkedin.com/company/skedulo,skedulo.com,Robert Gorham
James Allen,North America,http://www.linkedin.com/company/jamesallen,jamesallen.com,Robert Gorham
LightForce,North America,http://www.linkedin.com/company/lightforceortho,lightforceortho.com,Robert Gorham
Millennium Corporation,North America,http://www.linkedin.com/company/millennium-corporation,millgroupinc.com,Robert Gorham
AGILE Infoways,North America,https://www.linkedin.com/company/agile-infoways-pvt-ltd-,agileinfoways.com,Robert Gorham
AppSumo,North America,https://www.linkedin.com/company/appsumo,appsumo.com,Robert Gorham
Plenty®,North America,https://www.linkedin.com/company/plenty-farms,plenty.ag,Robert Gorham
Repwest Insurance Company,North America,https://www.linkedin.com/company/repwest-insurance-company,repwest.com,Robert Gorham
"Personalis, Inc.",North America,https://www.linkedin.com/company/personalis-inc,personalis.com,Robert Gorham
Market of Choice,North America,https://www.linkedin.com/company/marketofchoice,marketofchoice.com,Robert Gorham
Couchbase,North America,https://www.linkedin.com/company/couchbase,couchbase.com,Robert Gorham
Zemoso Technologies,North America,https://www.linkedin.com/company/zemoso-technologies,zemosolabs.com,Robert Gorham
NCQA,North America,,ncqa.org,Robert Gorham
Iridium Communications,North America,,iridium.com,Robert Gorham
CLS Group,North America,,cls-group.com,Robert Gorham
Pathlock,North America,https://www.linkedin.com/company/pathlock,pathlock.com,Robert Gorham
Replicon,North America,,replicon.com,Robert Gorham
SingleStore,North America,https://www.linkedin.com/company/singlestore,singlestore.com,Robert Gorham
Successive Technologies,North America,https://www.linkedin.com/company/successivetechnologies,successive.tech,Robert Gorham
SIS,North America,,sisn.com,Robert Gorham
Hilco Global,North America,https://www.linkedin.com/company/hilcoglobal,hilcoglobal.com,Robert Gorham
CareLinx,North America,,carelinx.com,Robert Gorham
Modak,North America,,modak.com,Robert Gorham
OverDrive,North America,https://www.linkedin.com/company/overdrive1,overdrive.com,Robert Gorham
WorkWave,North America,https://www.linkedin.com/company/workwave/about/,workwave.com,Robert Gorham
Virgin Galactic,North America,http://www.linkedin.com/company/virgin-galactic,virgingalactic.com,Robert Gorham
Juniper Square,North America,https://www.linkedin.com/company/juniper-square,junipersquare.com,Robert Gorham
JustAnswer,North America,http://www.linkedin.com/company/justanswer,justanswer.com,Robert Gorham
"Kyowa Kirin, Inc.- U.S.",North America,http://www.linkedin.com/company/kyowa-kirin-inc-u-s-,kyowakirin.com,Robert Gorham
SugarCRM,North America,https://www.linkedin.com/company/sugarcrm,sugarcrm.com,Robert Gorham
Sysdig,North America,https://www.linkedin.com/company/sysdig,sysdig.com,Robert Gorham
DEXIS,North America,http://www.linkedin.com/company/dexisimaging,dexis.com,Robert Gorham
Saber Interactive,North America,http://www.linkedin.com/company/saberinteractive,saber.games,Robert Gorham
Acadia Pharmaceuticals Inc.,North America,http://www.linkedin.com/company/acadia-pharmaceuticals,acadia.com,Robert Gorham
Harmonic,North America,http://www.linkedin.com/company/harmonic,harmonicinc.com,Robert Gorham
HDT Global,North America,http://www.linkedin.com/company/hdt-global,hdtglobal.com,Robert Gorham
Bluevine,North America,http://www.linkedin.com/company/bluevine,bluevine.com,Robert Gorham
Esprit,North America,http://www.linkedin.com/company/esprit,esprit.com,Robert Gorham
FabFitFun,North America,http://www.linkedin.com/company/fabfitfun,fabfitfun.com,Robert Gorham
Torc Robotics,North America,http://www.linkedin.com/company/torc-robotics,torc.ai,Robert Gorham
Blackmagic Design,North America,http://www.linkedin.com/company/blackmagic-design,blackmagicdesign.com,Robert Gorham
Incode Technologies,North America,http://www.linkedin.com/company/incodetech,incode.com,Robert Gorham
"Medifast, Inc",North America,http://www.linkedin.com/company/medifast-inc,medifastinc.com,Robert Gorham
Pico,North America,https://www.linkedin.com/company/picotrading,pico.net,Robert Gorham
StubHub,North America,http://www.linkedin.com/company/stubhub,stubhub.com,Robert Gorham
Thorne,North America,http://www.linkedin.com/company/thorne-health,thorne.com,Robert Gorham
Municipalidad de Godoy Cruz,South America,http://www.linkedin.com/company/municipalidad-de-godoy-cruz,godoycruz.gob.ar,Robert Gorham
Trust,South America,http://www.linkedin.com/company/trustoficial,trusthub.com.br,Robert Gorham
Broxel,North America,http://www.linkedin.com/company/broxel,broxel.com,Robert Gorham
Stori,North America,http://www.linkedin.com/company/stori-card,storicard.com,Robert Gorham
KARE,North America,http://www.linkedin.com/company/doyoukare,doyoukare.com,Robert Gorham
Vaya Health,North America,http://www.linkedin.com/company/vaya-health,vayahealth.com,Robert Gorham
Montagne,South America,http://www.linkedin.com/company/montagne-outdoors-s-a-,montagne.com.ar,Robert Gorham
Central Insurance,North America,http://www.linkedin.com/company/central-insurance-companie,central-insurance.com,Robert Gorham
"CoverWallet, an Aon company",North America,http://www.linkedin.com/company/coverwallet,coverwallet.com,Robert Gorham
Trojan Technologies,North America,http://www.linkedin.com/company/trojan-technologies,trojantechnologies.com,Robert Gorham
Sensia Global,North America,http://www.linkedin.com/company/sensiaglobal,sensiaglobal.com,Robert Gorham
TELUS,North America,https://www.linkedin.com/company/telus,telus.com,Robert Gorham
GE,North America,https://www.linkedin.com/company/ge,ge.com,Robert Gorham
Microchip Technology Inc.,North America,https://www.linkedin.com/company/microchip-technology,microchip.com,Robert Gorham
Mindbody,North America,https://www.linkedin.com/company/mindbody,mindbodyonline.com,Robert Gorham
Rocket Software,North America,https://www.linkedin.com/company/rocket-software,rocketsoftware.com,Robert Gorham
Datamatics,North America,https://www.linkedin.com/company/datamatics,datamatics.com,Robert Gorham
"Aetna, a CVS Health Company",North America,https://www.linkedin.com/company/aetna,aetna.com,Robert Gorham
Caterpillar Inc,North America,,caterpillar.com,Robert Gorham
Morgan Stanley,North America,http://www.linkedin.com/company/morgan-stanley,morganstanley.com,Robert Gorham
Allianz Life US,North America,,allianzlife.com,Robert Gorham
IDC,North America,http://www.linkedin.com/company/idc,idc.com,Robert Gorham
Peraton Inc.,North America,,peraton.com,Robert Gorham
BMO,North America,https://www.linkedin.com/company/bank-of-montreal,bmo.com,Robert Gorham
OneMain Financial,North America,https://www.linkedin.com/company/onemain,onemainfinancial.com,Robert Gorham
Vertafore,North America,https://www.linkedin.com/company/vertafore,vertafore.com,Robert Gorham
CVS Health,North America,https://www.linkedin.com/company/cvshealth,cvshealth.com,Robert Gorham
DISH TV,North America,https://www.linkedin.com/company/dish-network,dish.com,Robert Gorham
Farmers Insurance Exchange,North America,linkedin.com/company/farmers-insurance,farmers.com,Robert Gorham
KKR,North America,https://www.linkedin.com/company/kkr,kkr.com,Robert Gorham
Broadcom,North America,https://www.linkedin.com/company/1372,broadcom.com,Robert Gorham
Dun & Bradstreet,North America,https://www.linkedin.com/company/dun-&-bradstreet,dnb.com,Robert Gorham
AVI-SPL,North America,https://www.linkedin.com/company/avi-spl,avispl.com,Robert Gorham
NCCI,North America,https://www.linkedin.com/company/ncci,ncci.com,Robert Gorham
ComPsych,North America,https://www.linkedin.com/company/compsych,compsych.com,Robert Gorham
HonorHealth,North America,https://www.linkedin.com/company/honorhealth,honorhealth.com,Robert Gorham
Check Point Software,North America,https://www.linkedin.com/company/check-point-software-technologies,checkpoint.com,Robert Gorham
kemper,North America,https://www.linkedin.com/company/kemperinsurance,kemper.com,Robert Gorham
gnc-hq.com,North America,https://www.linkedin.com/company/gnc,gnc.com,Robert Gorham
BeyondTrust,North America,https://www.linkedin.com/company/beyondtrust,beyondtrust.com,Robert Gorham
NICE ENTERPRISE LTD,North America,http://www.linkedin.com/company/nice-systems,nice.com,Robert Gorham
Andersen Corporation,North America,,andersenwindows.com,Robert Gorham
Integrity Marketing Group,North America,,integrity.com,Robert Gorham
Memorial Sloan Kettering Cancer Center,North America,https://www.linkedin.com/company/memorial-sloan-kettering-cancer-center,mskcc.org,Robert Gorham
Cboe Global Markets,North America,https://www.linkedin.com/company/cboe,cboe.com,Robert Gorham
Centers for Disease Control and Prevention,North America,https://www.linkedin.com/company/centers-for-disease-control-and-prevention,cdc.gov,Robert Gorham
Cetera Financial Group,North America,https://www.linkedin.com/company/cetera-financial-group,cetera.com,Robert Gorham
Charles River Laboratories,North America,,criver.com,Robert Gorham
Children's Hospital of Philadelphia,North America,https://www.linkedin.com/company/the-childrens-hospital-of-philadelphia,chop.edu,Robert Gorham
Citizens,North America,https://www.linkedin.com/company/citizens-bank,citizensbank.com,Robert Gorham
City Of Hamilton,North America,,hamilton.ca,Robert Gorham
Cleveland Clinic,North America,https://www.linkedin.com/company/cleveland-clinic,clevelandclinic.org,Robert Gorham
"Cornerstone Home Lending, Inc",North America,https://www.linkedin.com/company/cornerstone-home-lending-inc,houseloan.com,Robert Gorham
Crown Equipment,North America,,crown.com,Robert Gorham
Dana-Farber Cancer Institute,North America,https://www.linkedin.com/company/dana-farber-cancer-institute,dana-farber.org,Robert Gorham
DraftKings Inc.,North America,,draftkings.com,Robert Gorham
"Elavon, Inc.",North America,,elavon.com,Robert Gorham
Enterprise Mobility Inc,North America,https://www.linkedin.com/company/enterprise-mobility-sf,enterprisemobility.com,Robert Gorham
Evernorth Health Services,North America,https://sg.linkedin.com/company/evernorth,evernorth.com,Robert Gorham
OSF HealthCare,North America,https://www.linkedin.com/company/osf-healthcare,osfhealthcare.org,Robert Gorham
Electronic Arts,North America,https://www.linkedin.com/company/electronic-arts,ea.com,Robert Gorham
Anaplan,North America,https://www.linkedin.com/company/anaplan,anaplan.com,Robert Gorham
NETSCOUT,North America,https://www.linkedin.com/company/netscout,netscout.com,Robert Gorham
Fidelity Investments,North America,https://www.linkedin.com/company/fidelity-investments,fidelity.com,Robert Gorham
BlackRock,North America,https://www.linkedin.com/company/blackrock,blackrock.com,Robert Gorham
Infor,North America,https://www.linkedin.com/company/infor,infor.com,Robert Gorham
Commvault,North America,https://www.linkedin.com/company/commvault,commvault.com,Robert Gorham
Northern Trust,North America,,northerntrust.com,Robert Gorham
bp,Europe,https://www.linkedin.com/company/bp,bp.com,Robert Gorham
FactSet,North America,https://www.linkedin.com/company/factset,factset.com,Robert Gorham
Zimmer Biomet,North America,https://www.linkedin.com/company/zimmerbiomet,zimmerbiomet.com,Robert Gorham
Procore Technologies,North America,https://www.linkedin.com/company/procore-technologies,procore.com,Robert Gorham
Chase,North America,https://www.linkedin.com/company/chase,chase.com,Robert Gorham
Celonis,North America,https://www.linkedin.com/company/celonis,celonis.com,Robert Gorham
CTG,North America,https://www.linkedin.com/company/ctginc,ctg.com,Robert Gorham
Mastercard,North America,https://www.linkedin.com/company/mastercard,mastercard.com,Robert Gorham
RSM USI,North America,http://www.linkedin.com/company/rsm-us-llp,rsmus.com,Robert Gorham
AssuredPartners,North America,https://www.linkedin.com/company/3223482,assuredpartners.com,Robert Gorham
Yext,North America,https://www.linkedin.com/company/yext,yext.com,Robert Gorham
Zebra Technologies,North America,https://www.linkedin.com/company/zebra-technologies,zebra.com,Robert Gorham
Blue Cross Blue Shield Association,North America,http://www.linkedin.com/company/blue-cross-and-blue-shield-association,bcbs.com,Robert Gorham
HashiCorp,North America,https://www.linkedin.com/company/hashicorp,hashicorp.com,Robert Gorham
Epicor,North America,https://www.linkedin.com/company/epicor,epicor.com,Robert Gorham
Point32Health,North America,https://www.linkedin.com/company/56416392,point32health.org,Robert Gorham
Rimini Street,North America,https://www.linkedin.com/company/rimini-street,riministreet.com,Robert Gorham
Homeaglow,North America,https://www.linkedin.com/company/homeaglow,homeaglow.com,Robert Gorham
Jack Henry,North America,https://www.linkedin.com/company/jack-henry/people/,jackhenry.com,Robert Gorham
MarginEdge,North America,https://www.linkedin.com/company/marginedge,marginedge.com,Robert Gorham
Pluralsight,North America,https://www.linkedin.com/company/pluralsight,pluralsight.com,Robert Gorham
AdvoCare,North America,,advocare.com,Robert Gorham
TruStage,North America,https://www.linkedin.com/company/trustage,trustage.com,Robert Gorham
IIMI,North America,,iimdirect.com,Robert Gorham
"Wawa, Inc.",North America,,wawa.com,Robert Gorham
DC Government,North America,https://www.linkedin.com/company/dc-government,dc.gov,Robert Gorham
GEICO,North America,https://www.linkedin.com/company/geico,careers.geico.com,Robert Gorham
Winsupply,North America,https://www.linkedin.com/company/winsupply,winsupplyinc.com,Robert Gorham
Terminix,North America,,terminix.com,Robert Gorham
Verisure AB,Europe,https://www.linkedin.com/company/22322941,verisure.com,Robert Gorham
Polaris Inc.,North America,https://www.linkedin.com/company/polarisinc,polaris.com,Robert Gorham
Laboratorios Sanfer,North America,https://www.linkedin.com/company/sanfer/,sanfer.com.mx,Robert Gorham
Urban Outfitters,North America,https://www.linkedin.com/company/urban-outfitters-inc,urbn.com,Robert Gorham
TD Synnex,North America,http://www.linkedin.com/company/tdsynnex,tdsynnex.com,Robert Gorham
Tandem Diabetes Care,North America,https://www.linkedin.com/company/tandemdiabetes,tandemdiabetes.com,Robert Gorham
Hhaexchange,North America,http://www.linkedin.com/company/hhaexchange,hhaexchange.com,Robert Gorham
US Pharmacopeia,North America,https://www.linkedin.com/company/uspharmacopeia,usp.org,Robert Gorham
SailPoint,North America,https://www.linkedin.com/company/sailpoint-technologies,sailpoint.com,Robert Gorham
Everbridge,North America,https://www.linkedin.com/company/everbridge,everbridge.com,Robert Gorham
Clinisys,North America,https://www.linkedin.com/company/clinisys,clinisys.com,Robert Gorham
YouTube,North America,https://www.linkedin.com/company/youtube,youtube.com,Robert Gorham
Equiniti,North America,https://www.linkedin.com/company/equiniti,equiniti.com,Robert Gorham
Square,North America,https://www.linkedin.com/company/joinsquare,squareup.com,Robert Gorham
Great American Insurance Group,North America,https://www.linkedin.com/company/great-american-insurance,gaig.com,Robert Gorham
LocalTapiola,Europe,https://fi.linkedin.com/company/l-hitapiola,lahitapiola.fi,Robert Gorham
Yahoo,North America,https://www.linkedin.com/company/yahoo,yahooinc.com,Robert Gorham
Ent Credit Union,North America,https://www.linkedin.com/company/entcreditunion,ent.com,Robert Gorham
MiTek-Corp,North America,http://www.linkedin.com/company/mitek-industries-inc,mii.com,Robert Gorham
Safelite,North America,https://www.linkedin.com/company/safelite,safelite.com,Robert Gorham
bswift,North America,https://www.linkedin.com/company/bswift,bswift.com,Robert Gorham
Travel + Leisure Co.,North America,http://www.linkedin.com/company/travelleisureco,travelandleisureco.com,Robert Gorham
Bungie,North America,http://www.linkedin.com/company/bungie,bungie.net,Robert Gorham
"Checkr, Inc.",North America,https://www.linkedin.com/company/checkr-com,checkr.com,Robert Gorham
Confidencial,North America,http://www.linkedin.com/company/careerdotpage,econfidencial.co,Robert Gorham
Confie,North America,http://www.linkedin.com/company/confie-,confie.com,Robert Gorham
Constellation Brands,North America,https://www.linkedin.com/company/constellation-brands,cbrands.com,Robert Gorham
Azerconnect Group,Europe,https://az.linkedin.com/company/azerconnect-group,azerconnect.az,Robert Gorham
"Azuga, Inc.",North America,http://www.linkedin.com/company/azuga-inc-,azuga.com,Robert Gorham
Crane Aerospace & Electronics,North America,http://www.linkedin.com/company/craneae,craneae.com,Robert Gorham
Zipline,North America,http://www.linkedin.com/company/flyzipline,zipline.com,Robert Gorham
Banner Bank,North America,https://www.linkedin.com/company/banner-bank,bannerbank.com,Robert Gorham
Bethesda Softworks,North America,http://www.linkedin.com/company/bethesda-softworks,bethesda.net,Robert Gorham
Hot Topic,North America,http://www.linkedin.com/company/hot-topic,hottopic.com,Robert Gorham
Hotwire Communications Ltd,North America,http://www.linkedin.com/company/hotwire-communications-llc,hotwirecommunications.com,Robert Gorham
PLAION,North America,http://www.linkedin.com/company/plaion,plaion.com,Robert Gorham
Prime Video & Amazon Studios,North America,http://www.linkedin.com/company/primevideoamazonstudios,amazonmgmstudios.com,Robert Gorham
Kenworth Truck Co.,North America,http://www.linkedin.com/company/kenworth-truck-co-,kenworth.com,Robert Gorham
WatchGuard Technologies,North America,https://www.linkedin.com/company/watchguard-technologies,watchguard.com,Robert Gorham
White Castle,North America,http://www.linkedin.com/company/white-castle,whitecastle.com,Robert Gorham
Shearer's Foods,North America,http://www.linkedin.com/company/shearer's-foods-inc-,shearers.com,Robert Gorham
AppLovin,North America,http://www.linkedin.com/company/applovin,applovin.com,Robert Gorham
Astronics Corporation,North America,http://www.linkedin.com/company/astronics,astronics.com,Robert Gorham
Radiology Partners,North America,http://www.linkedin.com/company/radiology-partners,radpartners.com,Robert Gorham
Republic Airways,North America,http://www.linkedin.com/company/republic-airways,rjet.com,Robert Gorham
Metronet,North America,http://www.linkedin.com/company/metronet,metronet.com,Robert Gorham
Michigan Department of Health & Human Services,North America,http://www.linkedin.com/company/michigan-department-of-health-&-human-services,tstmichigan.com,Robert Gorham
Delta Galil Industries,North America,http://www.linkedin.com/company/delta-galil-usa,deltagalil.com,Robert Gorham
Sierra Nevada Corporation,North America,http://www.linkedin.com/company/sierra-nevada-corporation,sncorp.com,Robert Gorham
Samozatrudnienie,North America,http://www.linkedin.com/company/samozatrudnienie,samozatrudnienie.info,Robert Gorham
SanMar,North America,http://www.linkedin.com/company/sanmar,sanmar.com,Robert Gorham
Seacoast Bank,North America,https://www.linkedin.com/company/seacoastbank,seacoastbank.com,Robert Gorham
Callaway Golf,North America,http://www.linkedin.com/company/callaway-golf,callawaygolf.com,Robert Gorham
Ahold Delhaize USA,North America,http://www.linkedin.com/company/ahold-delhaize-usa,adusa.com,Robert Gorham
Deckers Brands,North America,http://www.linkedin.com/company/deckers-brands,deckers.com,Robert Gorham
Definity,North America,http://www.linkedin.com/company/definity-financial,definityfinancial.com,Robert Gorham
EmblemHealth,North America,http://www.linkedin.com/company/emblemhealth,emblemhealth.com,Robert Gorham
Niagara Bottling,North America,http://www.linkedin.com/company/niagara-bottling,niagarawater.com,Robert Gorham
Nissin Foods,North America,http://www.linkedin.com/company/nissin-foods,nissinfoods.com,Robert Gorham
Crawford & Company,North America,http://www.linkedin.com/company/crawco,crawco.com,Robert Gorham
Dark Matter Technologies,North America,https://www.linkedin.com/company/darkmattertechnologies,dmatter.com,Robert Gorham
Campbell's,North America,http://www.linkedin.com/company/the-campbells-company,thecampbellscompany.com,Robert Gorham
"Spectrum Plastics Group, A DuPont Business",North America,http://www.linkedin.com/company/spectrum-plastics-group,spectrumplastics.com,Robert Gorham
State of New Jersey,North America,http://www.linkedin.com/company/state-of-new-jersey,state.nj.us,Robert Gorham
Midmark,North America,http://www.linkedin.com/company/midmark-corporation,midmark.com,Robert Gorham
NetJets,North America,http://www.linkedin.com/company/netjets,netjets.com,Robert Gorham
"GXO Logistics, Inc.",North America,http://www.linkedin.com/company/gxologistics,gxo.com,Robert Gorham
Haddad Brands,North America,http://www.linkedin.com/company/haddad-brands,haddad.com,Robert Gorham
"Aurobindo Pharma USA, Inc.",North America,http://www.linkedin.com/company/aurobindo-pharma-u-s-a-,aurobindousa.com,Robert Gorham
"Carrington Mortgage Services, LLC",North America,https://www.linkedin.com/company/carrington-mortgage-services-llc,carringtonmortgage.com,Robert Gorham
Cash App,North America,http://www.linkedin.com/company/cash-app,cash.app,Robert Gorham
Granite Telecommunications,North America,http://www.linkedin.com/company/granite-telecommunications,granitenet.com,Robert Gorham
Gulfstream Aerospace,North America,http://www.linkedin.com/company/gulfstreamaero,gulfstream.com,Robert Gorham
Total Quality Logistics,North America,http://www.linkedin.com/company/total-quality-logistics,tql.com,Robert Gorham
Lemonade,North America,http://www.linkedin.com/company/lemonade-inc-,lemonade.com,Robert Gorham
Incyte,North America,http://www.linkedin.com/company/incyte,incyte.com,Robert Gorham
Selective Insurance,North America,http://www.linkedin.com/company/selective-insurance,selective.com,Robert Gorham
Sharp Services,North America,http://www.linkedin.com/company/sharp-services,sharpservices.com,Robert Gorham
Los Angeles Metro,North America,http://www.linkedin.com/company/los-angeles-county-metropolitan-transportation-authority,metro.net,Robert Gorham
"Tailored Brands, Inc.",North America,https://www.linkedin.com/company/tailored-brands-inc,tailoredbrands.com,Robert Gorham
Taylor Farms,North America,http://www.linkedin.com/company/taylor-farms,taylorfarms.com,Robert Gorham
CarParts.com,North America,http://www.linkedin.com/company/carparts-com,carparts.com,Robert Gorham
Johnson & Johnson MedTech,North America,http://www.linkedin.com/company/johnson-&-johnson-medtech,jnjmedtech.com,Robert Gorham
Pacific Life,North America,http://www.linkedin.com/company/pacific-life,pacificlife.com,Robert Gorham
Panda Restaurant Group,North America,http://www.linkedin.com/company/panda-restaurant-group,pandacareers.com,Robert Gorham
Rich Products,North America,http://www.linkedin.com/company/richproducts,richs.com,Robert Gorham
"Ryder System, Inc.",North America,http://www.linkedin.com/company/ryder-system-inc,ryder.com,Robert Gorham
Holiday Inn Club Vacations,North America,http://www.linkedin.com/company/hiclubvacations,hicv.com,Robert Gorham
Honda Aircraft Company,North America,http://www.linkedin.com/company/honda-aircraft-company,hondajet.com,Robert Gorham
Quirch Foods,North America,http://www.linkedin.com/company/quirchfoods,quirchfoods.com,Robert Gorham
R+L Carriers,North America,http://www.linkedin.com/company/r-l-carriers,rlcarriers.com,Robert Gorham
Health Net,North America,http://www.linkedin.com/company/health-net,healthnet.com,Robert Gorham
hims & hers,North America,http://www.linkedin.com/company/hims-&-hers,hims.com,Robert Gorham
Marken,North America,http://www.linkedin.com/company/marken,marken.com,Robert Gorham
Humana,North America,https://www.linkedin.com/company/humana,humana.com,Robert Gorham
ID.me,North America,https://www.linkedin.com/company/id.me,id.me,Robert Gorham
Aura,North America,https://www.linkedin.com/company/auracompany,aura.com,Robert Gorham
JetBlue Airways,North America,http://www.linkedin.com/company/jetblue,jetblue.com,Robert Gorham
"Penumbra, Inc.",North America,http://www.linkedin.com/company/penumbra-inc,penumbrainc.com,Robert Gorham
Subway,North America,http://www.linkedin.com/company/subway,subway.com,Robert Gorham
The RealReal,North America,https://www.linkedin.com/company/the-realreal,therealreal.com,Robert Gorham
Centric Brands,North America,https://www.linkedin.com/company/centricbrands,centricbrands.com,Robert Gorham
Metro by T-Mobile,North America,http://www.linkedin.com/company/t-mobile--metrobyt-mobile,metrobyt-mobile.com,Robert Gorham
Pinnacle Bank,North America,http://www.linkedin.com/company/pinnbank,pinnbank.com,Robert Gorham
Macropay,North America,http://www.linkedin.com/company/macropaymx,macropay.mx,Robert Gorham
Panera Bread,North America,http://www.linkedin.com/company/panera-bread,panerapeople.com,Robert Gorham
Softplan,South America,http://www.linkedin.com/company/softplan,softplan.com.br,Robert Gorham
Pacific Western Bank,North America,http://www.linkedin.com/company/banc-of-california3,pacwest.com,Robert Gorham
Government of the Province of Buenos Aires,South America,http://www.linkedin.com/company/government-of-buenos-aires,gba.gob.ar,Robert Gorham
Personal Pay,South America,http://www.linkedin.com/company/personal-pay,personalpay.com.ar,Robert Gorham
Claro Brasil,South America,http://www.linkedin.com/company/clarobrasil,claro.com,Robert Gorham
Texas Department of Transportation,North America,http://www.linkedin.com/company/texas-department-of-transportation,txdot.gov,Robert Gorham
Webex,North America,http://www.linkedin.com/company/webex,webex.com,Robert Gorham
Gilat Satellite Networks,North America,http://www.linkedin.com/company/gilat-satellite-networks,gilat.com,Robert Gorham
WPS?A health solutions company,North America,http://www.linkedin.com/company/wps-health-solutions,wpshealthsolutions.com,Robert Gorham
Sterling Jewelers,North America,http://www.linkedin.com/company/sterling-jewelers,shopsterlingjewelers.com,Robert Gorham
Fintech,North America,http://www.linkedin.com/company/fintech-net,fintech.com,Robert Gorham
Benefit Cosmetics,North America,http://www.linkedin.com/company/benefitcosmetics,benefitcosmetics.com,Robert Gorham
EMC Insurance Companies,North America,http://www.linkedin.com/company/emc-insurance-companies,emcinsurance.com,Robert Gorham
ManTech,North America,http://www.linkedin.com/company/mantech,mantech.com,Robert Gorham
Enbridge,North America,http://www.linkedin.com/company/enbridge,enbridge.com,Robert Gorham
Service New Brunswick,North America,http://www.linkedin.com/company/service-new-brunswick-service-nouveau-brunswick,snb.ca,Robert Gorham
Northbridge Financials,North America,http://www.linkedin.com/company/northbridge-financial-corporation,nbfc.com,Robert Gorham
Government of Canada,North America,http://www.linkedin.com/company/government-of-canada,canada.ca,Robert Gorham
Rate,North America,https://www.linkedin.com/company/rate-official,rate.com,Robert Gorham
Alithya,North America,http://www.linkedin.com/company/alithya,alithya.com,Robert Gorham
Eastman Kodak Company,North America,http://www.linkedin.com/company/eastman-kodak,kodak.com,Robert Gorham
Veradigm®,North America,https://www.linkedin.com/company/veradigm,veradigm.com,Robert Gorham
Corewell Health,North America,https://www.linkedin.com/company/corewell-health,corewellhealth.org,Robert Gorham
Charlie Health,North America,https://www.linkedin.com/company/charlie-health,charliehealth.com,Robert Gorham
Georgia-Pacific LLC,North America,https://www.linkedin.com/company/georgia-pacific-llc,gp.com,Robert Gorham
Springboard,North America,https://www.linkedin.com/school/springboard/,springboard.com,Robert Gorham
L3Harris Technologies,North America,http://www.linkedin.com/company/l3harris-technologies,l3harris.com,Robert Gorham